"H2CO",2992,2782
"H2CO",1855,1746
"H2CO",1585,1500
"H2CO",1207,1167
"H2CO",3064,2843
"H2CO",1301,1249
"CCl4",481,459
"CCl4",233,217
"CCl4",848,776
"CCl4",333,314
"C3H4O2",3138,3001
"C3H4O2",3129,2935
"C3H4O2",1998,1882
"C3H4O2",1580,1475
"C3H4O2",1515,1427
"C3H4O2",1395,1319
"C3H4O2",1274,1199
"C3H4O2",1171,1093
"C3H4O2",1052,1005
"C3H4O2",1009,924
"C3H4O2",929,891
"C3H4O2",773,746
"C3H4O2",508,513
"C3H4O2",3202,3028
"C3H4O2",3187,3000
"C3H4O2",1233,1184
"C3H4O2",1188,1139
"C3H4O2",1096,1046
"C3H4O2",826,790
"C3H4O2",528,490
"C3H4O2",177,113
"HCOOH",3728,3570
"HCOOH",3145,2943
"HCOOH",1906,1770
"HCOOH",1453,1387
"HCOOH",1364,1229
"HCOOH",1182,1105
"HCOOH",642,625
"HCOOH",1078,1033
"HCOOH",697,638
"CH3COOH",3742,3583
"CH3COOH",3221,3051
"CH3COOH",3104,2944
"CH3COOH",1922,1788
"CH3COOH",1528,1430
"CH3COOH",1475,1382
"CH3COOH",1403,1264
"CH3COOH",1268,1182
"CH3COOH",1041,989
"CH3COOH",896,847
"CH3COOH",597,657
"CH3COOH",3179,2996
"CH3COOH",1527,1430
"CH3COOH",1106,1048
"CH3COOH",687,642
"CH3COOH",556,534
"CH3COOH",98,93
"CH3OH",3796,3681
"CH3OH",3178,3000
"CH3OH",3046,2844
"CH3OH",1564,1477
"CH3OH",1531,1455
"CH3OH",1427,1345
"CH3OH",1118,1060
"CH3OH",1091,1033
"CH3OH",3105,2960
"CH3OH",1551,1477
"CH3OH",1200,1165
"CH3OH",349,200
"CH3COCH3",3201,3019
"CH3COCH3",3083,2937
"CH3COCH3",1872,1731
"CH3COCH3",1528,1435
"CH3COCH3",1445,1364
"CH3COCH3",1118,1066
"CH3COCH3",819,777
"CH3COCH3",385,385
"CH3COCH3",3147,2963
"CH3COCH3",1519,1426
"CH3COCH3",926,877
"CH3COCH3",68,77
"CH3COCH3",3153,2972
"CH3COCH3",1539,1454
"CH3COCH3",1160,1091
"CH3COCH3",495,484
"CH3COCH3",142,125
"CH3COCH3",3200,3019
"CH3COCH3",3078,2937
"CH3COCH3",1521,1410
"CH3COCH3",1453,1364
"CH3COCH3",1290,1216
"CH3COCH3",933,891
"CH3COCH3",545,530
"CHCl3",3226,3034
"CHCl3",703,680
"CHCl3",386,366
"CHCl3",1318,1220
"CHCl3",833,774
"CHCl3",276,260
"C6H6",3232,3062
"C6H6",1037,992
"C6H6",1399,1326
"C6H6",692,673
"C6H6",3197,3068
"C6H6",1031,1010
"C6H6",914,995
"C6H6",571,703
"C6H6",1334,1310
"C6H6",1197,1150
"C6H6",856,849
"C6H6",3222,3063
"C6H6",1553,1486
"C6H6",1089,1038
"C6H6",3206,3047
"C6H6",1697,1596
"C6H6",1231,1178
"C6H6",626,606
"C6H6",923,975
"C6H6",404,410
"CH3CCl3",3106,2951
"CH3CCl3",1475,1386
"CH3CCl3",1137,1075
"CH3CCl3",549,526
"CH3CCl3",364,344
"CH3CCl3",326,214
"CH3CCl3",3201,3014
"CH3CCl3",1532,1457
"CH3CCl3",1156,1088
"CH3CCl3",785,724
"CH3CCl3",359,351
"CH3CCl3",255,239
"CH4",3076,2917
"CH4",1605,1534
"CH4",3201,3019
"CH4",1402,1306
"C2H6",3079,2954
"C2H6",1487,1388
"C2H6",1043,995
"C2H6",323,289
"C2H6",3078,2896
"C2H6",1459,1379
"C2H6",3144,2969
"C2H6",1554,1468
"C2H6",1264,1190
"C2H6",3164,2985
"C2H6",1559,1469
"C2H6",845,822
"C2H4",3198,3026
"C2H4",1731,1623
"C2H4",1409,1342
"C2H4",1062,1023
"C2H4",3179,2989
"C2H4",1514,1444
"C2H4",944,940
"C2H4",3280,3105
"C2H4",849,826
"C2H4",3257,3086
"C2H4",1262,1217
"C2H4",981,949
"C2H2",3550,3374
"C2H2",2077,1974
"C2H2",3451,3289
"C2H2",443,612
"C2H2",757,730
"CH3Cl",3122,2966
"CH3Cl",1457,1355
"CH3Cl",777,732
"CH3Cl",3225,3042
"CH3Cl",1533,1455
"CH3Cl",1077,1015
"CH3NH2",3500,3361
"CH3NH2",3123,2961
"CH3NH2",3030,2820
"CH3NH2",1735,1623
"CH3NH2",1552,1473
"CH3NH2",1508,1430
"CH3NH2",1222,1130
"CH3NH2",1098,1044
"CH3NH2",920,780
"CH3NH2",3589,3427
"CH3NH2",3164,2985
"CH3NH2",1569,1485
"CH3NH2",1396,1335
"CH3NH2",338,268
"HCN",3501,3312
"HCN",2201,2089
"HCN",736,712
"CH3SH",3199,3000
"CH3SH",3105,2931
"CH3SH",2729,2597
"CH3SH",1541,1475
"CH3SH",1440,1335
"CH3SH",1145,1074
"CH3SH",832,803
"CH3SH",752,708
"CH3SH",3197,3000
"CH3SH",1528,1430
"CH3SH",1025,976
"C3H8",3152,2977
"C3H8",3072,2962
"C3H8",3071,2887
"C3H8",1567,1476
"C3H8",1547,1462
"C3H8",1477,1392
"C3H8",1217,1158
"C3H8",908,869
"C3H8",378,369
"C3H8",3143,2967
"C3H8",1544,1451
"C3H8",1353,1278
"C3H8",936,940
"C3H8",229,216
"C3H8",3152,2973
"C3H8",3106,2968
"C3H8",1560,1472
"C3H8",1261,1192
"C3H8",769,748
"C3H8",285,268
"C3H8",3150,2968
"C3H8",3069,2887
"C3H8",1550,1464
"C3H8",1467,1378
"C3H8",1415,1338
"C3H8",1104,1054
"C3H8",957,922
"CH3CCH",3503,3334
"CH3CCH",3083,2918
"CH3CCH",2256,2124
"CH3CCH",1468,1382
"CH3CCH",959,931
"CH3CCH",3161,3008
"CH3CCH",1535,1452
"CH3CCH",1081,1053
"CH3CCH",551,633
"CH3CCH",275,328
"CH3CH2Cl",3166,2967
"CH3CH2Cl",3133,2946
"CH3CH2Cl",3086,2881
"CH3CH2Cl",1554,1463
"CH3CH2Cl",1546,1448
"CH3CH2Cl",1472,1385
"CH3CH2Cl",1386,1289
"CH3CH2Cl",1128,1081
"CH3CH2Cl",1028,974
"CH3CH2Cl",718,677
"CH3CH2Cl",343,336
"CH3CH2Cl",3198,3014
"CH3CH2Cl",3176,2986
"CH3CH2Cl",1539,1448
"CH3CH2Cl",1321,1251
"CH3CH2Cl",1130,974
"CH3CH2Cl",811,786
"CH3CH2Cl",275,251
"CH2CHCl",3298,3121
"CH2CHCl",3262,3086
"CH2CHCl",3205,3030
"CH2CHCl",1717,1608
"CH2CHCl",1450,1368
"CH2CHCl",1348,1279
"CH2CHCl",1078,1030
"CH2CHCl",751,720
"CH2CHCl",407,395
"CH2CHCl",988,941
"CH2CHCl",924,896
"CH2CHCl",637,620
"CH2CHF",3317,3115
"CH2CHF",3257,3080
"CH2CHF",3220,3052
"CH2CHF",1769,1654
"CH2CHF",1460,1380
"CH2CHF",1363,1306
"CH2CHF",1208,1156
"CH2CHF",966,929
"CH2CHF",487,483
"CH2CHF",970,940
"CH2CHF",879,863
"CH2CHF",733,711
"CH3CH2NH2",3483,3345
"CH3CH2NH2",3147,2985
"CH3CH2NH2",3083,2840
"CH3CH2NH2",3065,2860
"CH3CH2NH2",1732,1622
"CH3CH2NH2",1560,1487
"CH3CH2NH2",1543,1465
"CH3CH2NH2",1466,1378
"CH3CH2NH2",1425,1397
"CH3CH2NH2",1200,1016
"CH3CH2NH2",1114,1086
"CH3CH2NH2",952,892
"CH3CH2NH2",909,773
"CH3CH2NH2",413,403
"CH3CH2NH2",3572,3412
"CH3CH2NH2",3148,2924
"CH3CH2NH2",3121,2906
"CH3CH2NH2",1548,1455
"CH3CH2NH2",1428,1238
"CH3CH2NH2",1315,1293
"CH3CH2NH2",1035,1117
"CH3CH2NH2",796,816
"CH3CH2NH2",317,259
"CH3CH2NH2",268,218
"CH3CN",3102,2954
"CH3CN",2391,2267
"CH3CN",1468,1385
"CH3CN",947,920
"CH3CN",3188,3009
"CH3CN",1528,1448
"CH3CN",1093,1041
"CH3CN",364,362
"CH3CHO",3200,3014
"CH3CHO",3079,2923
"CH3CHO",2982,2716
"CH3CHO",1873,1743
"CH3CHO",1520,1433
"CH3CHO",1473,1395
"CH3CHO",1439,1352
"CH3CHO",1166,1114
"CH3CHO",928,867
"CH3CHO",519,509
"CH3CHO",3150,2964
"CH3CHO",1524,1431
"CH3CHO",1171,1102
"CH3CHO",800,764
"CH3CHO",146,150
"CH3CH2SH",3165,2966
"CH3CH2SH",3109,2872
"CH3CH2SH",3085,2872
"CH3CH2SH",2727,2580
"CH3CH2SH",1557,1453
"CH3CH2SH",1549,1453
"CH3CH2SH",1472,1385
"CH3CH2SH",1372,1309
"CH3CH2SH",1153,1097
"CH3CH2SH",1035,978
"CH3CH2SH",899,870
"CH3CH2SH",712,660
"CH3CH2SH",315,332
"CH3CH2SH",3175,2966
"CH3CH2SH",3155,2930
"CH3CH2SH",1546,1453
"CH3CH2SH",1314,1269
"CH3CH2SH",1097,1049
"CH3CH2SH",817,745
"CH2Cl2",3172,2999
"CH2Cl2",1523,1467
"CH2Cl2",750,717
"CH2Cl2",299,282
"CH2Cl2",1241,1153
"CH2Cl2",3247,3040
"CH2Cl2",945,898
"CH2Cl2",1372,1268
"CH2Cl2",821,758
"CH2F2",3118,2948
"CH2F2",1603,1508
"CH2F2",1162,1111
"CH2F2",529,529
"CH2F2",1306,1262
"CH2F2",3190,3014
"CH2F2",1216,1178
"CH2F2",1522,1435
"CH2F2",1184,1090
"HNCO",3726,3538
"HNCO",2385,2269
"HNCO",1364,1327
"HNCO",796,777
"HNCO",564,577
"HNCO",625,656
"CS2",701,658
"CS2",1603,1535
"CS2",410,397
"CH3SCH3",3187,2998
"CH3SCH3",3084,2930
"CH3SCH3",1543,1444
"CH3SCH3",1447,1331
"CH3SCH3",1100,973
"CH3SCH3",734,695
"CH3SCH3",280,282
"CH3SCH3",3173,2952
"CH3SCH3",1515,1420
"CH3SCH3",1005,919
"CH3SCH3",3167,2970
"CH3SCH3",1526,1439
"CH3SCH3",1041,973
"CH3SCH3",189,182
"CH3SCH3",3187,2998
"CH3SCH3",3087,2930
"CH3SCH3",1534,1444
"CH3SCH3",1423,1315
"CH3SCH3",961,903
"CH3SCH3",791,743
"C3H6",3190,3038
"C3H6",1584,1479
"C3H6",1260,1188
"C3H6",1192,1126
"C3H6",1126,1070
"C3H6",3276,3103
"C3H6",882,854
"C3H6",3179,3025
"C3H6",1525,1438
"C3H6",1118,1029
"C3H6",930,866
"C3H6",3258,3082
"C3H6",1252,1188
"C3H6",769,739
"C2H4O",3153,3006
"C2H4O",1597,1467
"C2H4O",1338,1267
"C2H4O",1202,1146
"C2H4O",933,857
"C2H4O",3228,3063
"C2H4O",1211,1050
"C2H4O",1068,1020
"C2H4O",3243,3065
"C2H4O",1194,1146
"C2H4O",841,797
"C2H4O",3144,3006
"C2H4O",1552,1459
"C2H4O",1177,1159
"C2H4O",901,824
"CH2CCl2",3219,3035
"CH2CCl2",1719,1627
"CH2CCl2",1449,1400
"CH2CCl2",625,603
"CH2CCl2",311,299
"CH2CCl2",711,686
"CH2CCl2",907,875
"CH2CCl2",474,460
"CH2CCl2",3315,3130
"CH2CCl2",1151,1095
"CH2CCl2",838,800
"CH2CCl2",386,372
"CH3COCl",3211,3027
"CH3COCl",3102,2948
"CH3COCl",1929,1818
"CH3COCl",1520,1415
"CH3COCl",1451,1368
"CH3COCl",1170,1108
"CH3COCl",1009,956
"CH3COCl",644,604
"CH3COCl",472,445
"CH3COCl",355,348
"CH3COCl",3185,2990
"CH3COCl",1519,1431
"CH3COCl",1086,1032
"CH3COCl",530,518
"CH3COCl",144,166
"CH2CF2",3249,3070
"CH2CF2",1848,1728
"CH2CF2",1445,1360
"CH2CF2",957,926
"CH2CF2",545,550
"CH2CF2",741,714
"CH2CF2",822,803
"CH2CF2",614,611
"CH2CF2",3350,3154
"CH2CF2",1395,1302
"CH2CF2",991,955
"CH2CF2",439,438
"CCl2O",1923,1827
"CCl2O",597,567
"CCl2O",317,285
"CCl2O",600,580
"CCl2O",922,849
"CCl2O",466,440
"CHF3",3206,3036
"CHF3",1185,1117
"CHF3",711,700
"CHF3",1472,1372
"CHF3",1242,1152
"CHF3",511,507
"N(CH3)3",3117,2953
"N(CH3)3",2994,2775
"N(CH3)3",1557,1459
"N(CH3)3",1532,1444
"N(CH3)3",1250,1186
"N(CH3)3",868,828
"N(CH3)3",381,367
"N(CH3)3",3157,2977
"N(CH3)3",1544,1453
"N(CH3)3",1091,1046
"N(CH3)3",254,255
"N(CH3)3",3162,2981
"N(CH3)3",3113,2953
"N(CH3)3",2984,2776
"N(CH3)3",1563,1471
"N(CH3)3",1536,1444
"N(CH3)3",1491,1409
"N(CH3)3",1354,1275
"N(CH3)3",1151,1103
"N(CH3)3",1096,1043
"N(CH3)3",438,424
"N(CH3)3",284,281
"CFCl3",1166,1085
"CFCl3",553,535
"CFCl3",367,350
"CFCl3",910,847
"CFCl3",410,394
"CFCl3",259,241
"CF2Cl2",1184,1101
"CF2Cl2",680,667
"CF2Cl2",468,458
"CF2Cl2",275,262
"CF2Cl2",332,322
"CF2Cl2",977,902
"CF2Cl2",449,437
"CF2Cl2",1256,1159
"CF2Cl2",445,446
"CF3Cl",1181,1105
"CF3Cl",801,781
"CF3Cl",489,476
"CF3Cl",1316,1212
"CF3Cl",565,563
"CF3Cl",356,350
"CF4",932,909
"CF4",437,435
"CF4",1376,1280
"CF4",635,631
"C2F6",1520,1420
"C2F6",826,809
"C2F6",357,349
"C2F6",67,68
"C2F6",1169,1117
"C2F6",716,714
"C2F6",1333,1237
"C2F6",629,620
"C2F6",384,380
"C2F6",1341,1251
"C2F6",524,523
"C2F6",216,216
"C5H8",3277,3095
"C5H8",3266,3095
"C5H8",3199,3000
"C5H8",3185,3000
"C5H8",3177,3000
"C5H8",3167,2984
"C5H8",3073,2904
"C5H8",1766,1638
"C5H8",1710,1607
"C5H8",1555,1464
"C5H8",1505,1420
"C5H8",1479,1389
"C5H8",1458,1363
"C5H8",1373,1313
"C5H8",1358,1303
"C5H8",1117,1072
"C5H8",1035,1012
"C5H8",990,953
"C5H8",809,770
"C5H8",540,530
"C5H8",431,396
"C5H8",286,196
"C5H8",3140,2949
"C5H8",1534,1451
"C5H8",1097,1034
"C5H8",1020,991
"C5H8",928,907
"C5H8",915,907
"C5H8",782,757
"C5H8",644,615
"C5H8",394,290
"C5H8",211,153
"CHOCH(CH3)CH3",3162,2974
"CHOCH(CH3)CH3",3153,2953
"CHOCH(CH3)CH3",3106,2940
"CHOCH(CH3)CH3",3074,2876
"CHOCH(CH3)CH3",2945,2757
"CHOCH(CH3)CH3",1869,1752
"CHOCH(CH3)CH3",1562,1474
"CHOCH(CH3)CH3",1557,1449
"CHOCH(CH3)CH3",1476,1399
"CHOCH(CH3)CH3",1459,1381
"CHOCH(CH3)CH3",1363,1329
"CHOCH(CH3)CH3",1226,1182
"CHOCH(CH3)CH3",1218,1138
"CHOCH(CH3)CH3",964,922
"CHOCH(CH3)CH3",872,800
"CHOCH(CH3)CH3",557,632
"CHOCH(CH3)CH3",362,395
"CHOCH(CH3)CH3",340,272
"CHOCH(CH3)CH3",242,212
"CHOCH(CH3)CH3",3161,2990
"CHOCH(CH3)CH3",3148,2982
"CHOCH(CH3)CH3",3072,2885
"CHOCH(CH3)CH3",1545,1467
"CHOCH(CH3)CH3",1541,1452
"CHOCH(CH3)CH3",1455,1437
"CHOCH(CH3)CH3",1394,1290
"CHOCH(CH3)CH3",1179,1109
"CHOCH(CH3)CH3",1018,965
"CHOCH(CH3)CH3",978,942
"CHOCH(CH3)CH3",956,933
"CHOCH(CH3)CH3",336,351
"CHOCH(CH3)CH3",221,227
"CHOCH(CH3)CH3",60,75
"CH2ClCHClCH3",3210,3022
"CH2ClCHClCH3",3186,3004
"CH2ClCHClCH3",3179,2991
"CH2ClCHClCH3",3150,2970
"CH2ClCHClCH3",3142,2949
"CH2ClCHClCH3",3094,2908
"CH2ClCHClCH3",1550,1462
"CH2ClCHClCH3",1545,1459
"CH2ClCHClCH3",1534,1446
"CH2ClCHClCH3",1475,1391
"CH2ClCHClCH3",1429,1347
"CH2ClCHClCH3",1386,1286
"CH2ClCHClCH3",1324,1238
"CH2ClCHClCH3",1271,1181
"CH2ClCHClCH3",1190,1120
"CH2ClCHClCH3",1139,1076
"CH2ClCHClCH3",1077,1023
"CH2ClCHClCH3",952,890
"CH2ClCHClCH3",910,850
"CH2ClCHClCH3",806,750
"CH2ClCHClCH3",730,685
"CH2ClCHClCH3",426,417
"CH2ClCHClCH3",368,358
"CH2ClCHClCH3",295,285
"CH2ClCHClCH3",263,250
"CH2ClCHClCH3",216,203
"CH2ClCHClCH3",117,108
"CHClCCl2",3278,3082
"CHClCCl2",1712,1586
"CHClCCl2",1332,1247
"CHClCCl2",996,931
"CHClCCl2",884,840
"CHClCCl2",653,630
"CHClCCl2",399,384
"CHClCCl2",287,277
"CHClCCl2",179,178
"CHClCCl2",833,780
"CHClCCl2",479,451
"CHClCCl2",211,215
"CH3COOCH3",3217,3035
"CH3COOCH3",3216,3031
"CH3COOCH3",3104,2966
"CH3COOCH3",3102,2964
"CH3COOCH3",1899,1771
"CH3COOCH3",1551,1460
"CH3COOCH3",1529,1440
"CH3COOCH3",1522,1430
"CH3COOCH3",1458,1375
"CH3COOCH3",1347,1248
"CH3COOCH3",1244,1159
"CH3COOCH3",1129,1060
"CH3COOCH3",1026,980
"CH3COOCH3",892,844
"CH3COOCH3",662,639
"CH3COOCH3",434,429
"CH3COOCH3",295,303
"CH3COOCH3",3189,3005
"CH3COOCH3",3178,2994
"CH3COOCH3",1540,1460
"CH3COOCH3",1527,1430
"CH3COOCH3",1208,1187
"CH3COOCH3",1102,1036
"CH3COOCH3",615,607
"CH3COOCH3",182,187
"CH3COOCH3",159,136
"CH3COOCH3",85,110
"CH3CH2CH2CH3",3151,2965
"CH3CH2CH2CH3",3071,2872
"CH3CH2CH2CH3",3057,2853
"CH3CH2CH2CH3",1558,1460
"CH3CH2CH2CH3",1546,1442
"CH3CH2CH2CH3",1471,1382
"CH3CH2CH2CH3",1452,1361
"CH3CH2CH2CH3",1208,1151
"CH3CH2CH2CH3",1112,1059
"CH3CH2CH2CH3",872,837
"CH3CH2CH2CH3",437,425
"CH3CH2CH2CH3",3149,2968
"CH3CH2CH2CH3",3109,2930
"CH3CH2CH2CH3",1553,1461
"CH3CH2CH2CH3",1330,1257
"CH3CH2CH2CH3",989,948
"CH3CH2CH2CH3",750,731
"CH3CH2CH2CH3",232,194
"CH3CH2CH2CH3",123,102
"CH3CH2CH2CH3",3146,2965
"CH3CH2CH2CH3",3089,2912
"CH3CH2CH2CH3",1552,1460
"CH3CH2CH2CH3",1367,1300
"CH3CH2CH2CH3",1257,1180
"CH3CH2CH2CH3",835,803
"CH3CH2CH2CH3",269,225
"CH3CH2CH2CH3",3151,2968
"CH3CH2CH2CH3",3070,2870
"CH3CH2CH2CH3",3064,2853
"CH3CH2CH2CH3",1567,1461
"CH3CH2CH2CH3",1546,1461
"CH3CH2CH2CH3",1470,1379
"CH3CH2CH2CH3",1363,1290
"CH3CH2CH2CH3",1062,1009
"CH3CH2CH2CH3",1007,964
"CH3CH2CH2CH3",267,271
"CH2CHCHCH2",3272,3087
"CH2CHCHCH2",3190,3003
"CH2CHCHCH2",3173,2992
"CH2CHCHCH2",1769,1630
"CH2CHCHCH2",1514,1438
"CH2CHCHCH2",1346,1280
"CH2CHCHCH2",1260,1196
"CH2CHCHCH2",917,894
"CH2CHCHCH2",522,512
"CH2CHCHCH2",1045,1013
"CH2CHCHCH2",929,908
"CH2CHCHCH2",531,522
"CH2CHCHCH2",153,162
"CH2CHCHCH2",995,976
"CH2CHCHCH2",929,912
"CH2CHCHCH2",770,770
"CH2CHCHCH2",3273,3101
"CH2CHCHCH2",3189,3055
"CH2CHCHCH2",3180,2984
"CH2CHCHCH2",1698,1596
"CH2CHCHCH2",1452,1381
"CH2CHCHCH2",1352,1294
"CH2CHCHCH2",1026,990
"CH2CHCHCH2",300,301
"CH2ClCH2Cl",3145,2957
"CH2ClCH2Cl",1546,1445
"CH2ClCH2Cl",1416,1304
"CH2ClCH2Cl",1107,1052
"CH2ClCH2Cl",829,754
"CH2ClCH2Cl",313,300
"CH2ClCH2Cl",3221,3005
"CH2ClCH2Cl",1201,1123
"CH2ClCH2Cl",801,773
"CH2ClCH2Cl",126,123
"CH2ClCH2Cl",3202,3005
"CH2ClCH2Cl",1343,1264
"CH2ClCH2Cl",1064,989
"CH2ClCH2Cl",3151,2983
"CH2ClCH2Cl",1547,1461
"CH2ClCH2Cl",1320,1232
"CH2ClCH2Cl",782,728
"CH2ClCH2Cl",225,222
"C3H6O",3790,3675
"C3H6O",3269,3102
"C3H6O",3203,3022
"C3H6O",3183,2995
"C3H6O",3065,2934
"C3H6O",3022,2866
"C3H6O",1764,1654
"C3H6O",1574,1453
"C3H6O",1520,1414
"C3H6O",1466,1384
"C3H6O",1342,1320
"C3H6O",1306,1293
"C3H6O",1276,1191
"C3H6O",1192,1132
"C3H6O",1116,1110
"C3H6O",1030,1038
"C3H6O",1001,995
"C3H6O",949,919
"C3H6O",943,885
"C3H6O",658,606
"C3H6O",339,377
"C3H6O",280,277
"C3H6O",111,188
"C2H2O2",3050,2843
"C2H2O2",1858,1745
"C2H2O2",1411,1338
"C2H2O2",1127,1065
"C2H2O2",579,551
"C2H2O2",826,801
"C2H2O2",153,127
"C2H2O2",1077,1048
"C2H2O2",3046,2835
"C2H2O2",1835,1732
"C2H2O2",1376,1312
"C2H2O2",344,339
"CH3OCHO",3223,3045
"CH3OCHO",3128,2969
"CH3OCHO",3107,2943
"CH3OCHO",1883,1754
"CH3OCHO",1549,1454
"CH3OCHO",1517,1445
"CH3OCHO",1445,1371
"CH3OCHO",1291,1207
"CH3OCHO",1230,1166
"CH3OCHO",986,925
"CH3OCHO",795,767
"CH3OCHO",317,318
"CH3OCHO",3192,3012
"CH3OCHO",1541,1443
"CH3OCHO",1208,1168
"CH3OCHO",1065,1032
"CH3OCHO",342,332
"CH3OCHO",160,130
"C5H12",3151,2973
"C5H12",3071,2892
"C5H12",3065,2866
"C5H12",3048,2866
"C5H12",1568,1480
"C5H12",1551,1463
"C5H12",1546,1450
"C5H12",1472,1379
"C5H12",1415,1346
"C5H12",1201,1144
"C5H12",1091,1036
"C5H12",903,867
"C5H12",409,401
"C5H12",184,179
"C5H12",3147,2967
"C5H12",3097,2908
"C5H12",1553,1462
"C5H12",1366,1346
"C5H12",1308,1269
"C5H12",1021,993
"C5H12",785,766
"C5H12",259,210
"C5H12",109,131
"C5H12",3148,2965
"C5H12",3112,2930
"C5H12",3080,2930
"C5H12",1552,1469
"C5H12",1363,1303
"C5H12",1255,1170
"C5H12",893,858
"C5H12",745,727
"C5H12",250,215
"C5H12",116,88
"C5H12",3151,2965
"C5H12",3070,2879
"C5H12",3059,2866
"C5H12",1560,1476
"C5H12",1545,1456
"C5H12",1470,1389
"C5H12",1464,1379
"C5H12",1327,1269
"C5H12",1120,1073
"C5H12",1077,1024
"C5H12",961,910
"C5H12",407,406
"C3H2N2",3102,2935
"C3H2N2",2395,2275
"C3H2N2",1510,1395
"C3H2N2",921,890
"C3H2N2",582,582
"C3H2N2",145,167
"C3H2N2",1274,1220
"C3H2N2",358,367
"C3H2N2",3149,2968
"C3H2N2",973,933
"C3H2N2",331,337
"C3H2N2",2395,2275
"C3H2N2",1390,1318
"C3H2N2",1015,982
"C3H2N2",357,366
"C4H5N",3707,3531
"C4H5N",3303,3149
"C4H5N",3281,3128
"C4H5N",1556,1472
"C4H5N",1475,1401
"C4H5N",1204,1148
"C4H5N",1128,1075
"C4H5N",1067,1017
"C4H5N",912,882
"C4H5N",814,864
"C4H5N",677,692
"C4H5N",606,614
"C4H5N",804,827
"C4H5N",731,722
"C4H5N",639,621
"C4H5N",437,475
"C4H5N",3297,3143
"C4H5N",3270,3119
"C4H5N",1635,1519
"C4H5N",1530,1424
"C4H5N",1346,1288
"C4H5N",1200,1134
"C4H5N",1104,1049
"C4H5N",890,866
"C4H4O",3325,3161
"C4H4O",3296,3140
"C4H4O",1576,1491
"C4H4O",1464,1384
"C4H4O",1196,1140
"C4H4O",1116,1066
"C4H4O",1045,995
"C4H4O",895,871
"C4H4O",808,838
"C4H4O",728,728
"C4H4O",586,603
"C4H4O",824,863
"C4H4O",764,745
"C4H4O",617,613
"C4H4O",3319,3154
"C4H4O",3285,3129
"C4H4O",1661,1556
"C4H4O",1324,1267
"C4H4O",1273,1180
"C4H4O",1102,1040
"C4H4O",900,873
"C4H4S",3292,3126
"C4H4S",3256,3098
"C4H4S",1508,1409
"C4H4S",1447,1360
"C4H4S",1144,1083
"C4H4S",1077,1036
"C4H4S",866,872
"C4H4S",627,608
"C4H4S",871,867
"C4H4S",696,688
"C4H4S",552,567
"C4H4S",876,839
"C4H4S",730,712
"C4H4S",451,452
"C4H4S",3290,3125
"C4H4S",3243,3086
"C4H4S",1623,1504
"C4H4S",1320,1256
"C4H4S",1145,1085
"C4H4S",910,903
"C4H4S",774,751
"C6H12",3106,2930
"C6H12",3057,2852
"C6H12",1568,1465
"C6H12",1226,1157
"C6H12",835,802
"C6H12",391,383
"C6H12",1428,1383
"C6H12",1171,1157
"C6H12",1145,1057
"C6H12",1385,1437
"C6H12",1099,1090
"C6H12",3116,2915
"C6H12",3058,2860
"C6H12",1553,1437
"C6H12",1072,1030
"C6H12",536,523
"C6H12",3108,2930
"C6H12",3056,2897
"C6H12",1541,1443
"C6H12",1435,1347
"C6H12",1330,1266
"C6H12",1074,1027
"C6H12",818,785
"C6H12",437,426
"C6H12",3103,2933
"C6H12",3053,2863
"C6H12",1548,1457
"C6H12",1428,1355
"C6H12",1322,1261
"C6H12",944,907
"C6H12",899,863
"C6H12",240,248
"CH2CHCH3",3266,3090
"CH2CHCH3",3187,3013
"CH2CHCH3",3176,2991
"CH2CHCH3",3155,2954
"CH2CHCH3",3068,2871
"CH2CHCH3",1762,1650
"CH2CHCH3",1549,1470
"CH2CHCH3",1498,1420
"CH2CHCH3",1461,1378
"CH2CHCH3",1357,1297
"CH2CHCH3",1225,1171
"CH2CHCH3",973,963
"CH2CHCH3",953,920
"CH2CHCH3",432,428
"CH2CHCH3",3133,2954
"CH2CHCH3",1534,1443
"CH2CHCH3",1102,1045
"CH2CHCH3",1029,991
"CH2CHCH3",935,912
"CH2CHCH3",590,578
"CH2CHCH3",193,174
"CH3OCH3",3178,2996
"CH3OCH3",3035,2817
"CH3OCH3",1570,1464
"CH3OCH3",1539,1452
"CH3OCH3",1302,1244
"CH3OCH3",983,928
"CH3OCH3",431,418
"CH3OCH3",3088,2952
"CH3OCH3",1536,1464
"CH3OCH3",1190,1150
"CH3OCH3",213,203
"CH3OCH3",3085,2925
"CH3OCH3",1547,1464
"CH3OCH3",1227,1179
"CH3OCH3",263,242
"CH3OCH3",3176,2996
"CH3OCH3",3025,2817
"CH3OCH3",1553,1464
"CH3OCH3",1505,1452
"CH3OCH3",1250,1227
"CH3OCH3",1153,1102
"CH2C(CH3)CH3",3182,2989
"CH2C(CH3)CH3",3162,2941
"CH2C(CH3)CH3",3065,2911
"CH2C(CH3)CH3",1776,1661
"CH2C(CH3)CH3",1555,1470
"CH2C(CH3)CH3",1494,1416
"CH2C(CH3)CH3",1463,1366
"CH2C(CH3)CH3",1114,1064
"CH2C(CH3)CH3",839,801
"CH2C(CH3)CH3",384,383
"CH2C(CH3)CH3",3123,2970
"CH2C(CH3)CH3",1525,1459
"CH2C(CH3)CH3",1049,1076
"CH2C(CH3)CH3",170,193
"CH2C(CH3)CH3",3126,2945
"CH2C(CH3)CH3",1541,1444
"CH2C(CH3)CH3",1141,1079
"CH2C(CH3)CH3",915,890
"CH2C(CH3)CH3",432,429
"CH2C(CH3)CH3",203,196
"CH2C(CH3)CH3",3261,3086
"CH2C(CH3)CH3",3161,2980
"CH2C(CH3)CH3",3061,2893
"CH2C(CH3)CH3",1543,1458
"CH2C(CH3)CH3",1470,1381
"CH2C(CH3)CH3",1343,1282
"CH2C(CH3)CH3",1009,1043
"CH2C(CH3)CH3",995,974
"CH2C(CH3)CH3",442,430
"C2F4",1984,1872
"C2F4",806,778
"C2F4",395,394
"C2F4",201,190
"C2F4",1228,1186
"C2F4",549,558
"C2F4",481,508
"C2F4",1410,1337
"C2F4",204,218
"C2F4",1421,1340
"C2F4",555,551
"C2F4",421,406
"CH3CH2CHO",3173,2981
"CH3CH2CHO",3094,2904
"CH3CH2CHO",3061,2895
"CH3CH2CHO",2975,2809
"CH3CH2CHO",1869,1743
"CH3CH2CHO",1552,1460
"CH3CH2CHO",1522,1416
"CH3CH2CHO",1479,1390
"CH3CH2CHO",1458,1376
"CH3CH2CHO",1423,1335
"CH3CH2CHO",1150,1093
"CH3CH2CHO",1037,993
"CH3CH2CHO",893,848
"CH3CH2CHO",688,668
"CH3CH2CHO",271,271
"CH3CH2CHO",3179,2992
"CH3CH2CHO",3095,2942
"CH3CH2CHO",1548,1451
"CH3CH2CHO",1318,1250
"CH3CH2CHO",1187,1118
"CH3CH2CHO",926,892
"CH3CH2CHO",704,660
"CH3CH2CHO",241,220
"CH3CH2CHO",140,135
"C4H9N",3529,3356
"C4H9N",3161,2975
"C4H9N",3126,2927
"C4H9N",3108,2889
"C4H9N",2994,2824
"C4H9N",1587,1484
"C4H9N",1563,1447
"C4H9N",1442,1292
"C4H9N",1365,1273
"C4H9N",1286,1228
"C4H9N",1268,1181
"C4H9N",1109,974
"C4H9N",1039,920
"C4H9N",979,901
"C4H9N",938,871
"C4H9N",924,832
"C4H9N",797,789
"C4H9N",598,579
"C4H9N",307,299
"C4H9N",3142,2967
"C4H9N",3122,2916
"C4H9N",3099,2879
"C4H9N",2990,2818
"C4H9N",1569,1459
"C4H9N",1542,1412
"C4H9N",1481,1341
"C4H9N",1369,1268
"C4H9N",1344,1211
"C4H9N",1284,1203
"C4H9N",1237,1171
"C4H9N",1172,1099
"C4H9N",1139,1023
"C4H9N",967,883
"C4H9N",897,848
"C4H9N",644,600
"C4H9N",66,65
"CO2",1406,1333
"CO2",2472,2349
"CO2",667,667
"C2Cl4",1693,1571
"C2Cl4",465,447
"C2Cl4",249,237
"C2Cl4",101,110
"C2Cl4",812,777
"C2Cl4",329,310
"C2Cl4",554,512
"C2Cl4",957,908
"C2Cl4",187,176
"C2Cl4",1060,1000
"C2Cl4",356,347
"C2Cl4",305,288
"C5H8",3240,3066
"C5H8",3146,2958
"C5H8",3114,2916
"C5H8",3091,2902
"C5H8",3060,2852
"C5H8",1728,1616
"C5H8",1568,1467
"C5H8",1541,1449
"C5H8",1382,1302
"C5H8",1270,1284
"C5H8",1162,1213
"C5H8",1105,1048
"C5H8",1007,964
"C5H8",940,962
"C5H8",855,904
"C5H8",726,692
"C5H8",615,603
"C5H8",166,254
"C5H8",3216,3039
"C5H8",3111,2967
"C5H8",3060,2927
"C5H8",1550,1467
"C5H8",1422,1432
"C5H8",1372,1356
"C5H8",1347,1302
"C5H8",1263,1297
"C5H8",1184,1207
"C5H8",1079,1113
"C5H8",964,1082
"C5H8",948,937
"C5H8",923,800
"C5H8",790,702
"C5H8",392,387
"C2H5N",3516,3338
"C2H5N",3257,3079
"C2H5N",3169,3015
"C2H5N",1584,1482
"C2H5N",1341,1237
"C2H5N",1289,1211
"C2H5N",1164,1090
"C2H5N",1041,998
"C2H5N",919,856
"C2H5N",805,773
"C2H5N",3245,3079
"C2H5N",3161,3015
"C2H5N",1546,1463
"C2H5N",1317,1268
"C2H5N",1189,1131
"C2H5N",1146,1095
"C2H5N",945,904
"C2H5N",916,817
"CHClCHCl",3278,3077
"CHClCHCl",1716,1587
"CHClCHCl",1265,1179
"CHClCHCl",745,711
"CHClCHCl",173,173
"CHClCHCl",922,876
"CHClCHCl",421,406
"CHClCHCl",736,697
"CHClCHCl",3257,3072
"CHClCHCl",1378,1303
"CHClCHCl",903,857
"CHClCHCl",588,571
"CHClCHCl",3277,3073
"CHClCHCl",1710,1578
"CHClCHCl",1347,1274
"CHClCHCl",895,846
"CHClCHCl",360,350
"CHClCHCl",953,900
"CHClCHCl",219,227
"CHClCHCl",795,763
"CHClCHCl",3272,3090
"CHClCHCl",1281,1200
"CHClCHCl",866,828
"CHClCHCl",246,250
"C5H8",3169,3000
"C5H8",1550,1423
"C5H8",1138,1160
"C5H8",1093,1037
"C5H8",626,588
"C5H8",3243,3070
"C5H8",1207,1174
"C5H8",868,919
"C5H8",3243,3066
"C5H8",1219,1166
"C5H8",1056,888
"C5H8",303,300
"C5H8",3169,3000
"C5H8",1657,1521
"C5H8",1484,1415
"C5H8",1070,990
"C5H8",948,872
"C5H8",3255,3067
"C5H8",3164,2985
"C5H8",1513,1431
"C5H8",1231,1150
"C5H8",1118,1049
"C5H8",929,870
"C5H8",813,780
"C5H8",318,308
"C3H4N2",3705,3523
"C3H4N2",3314,3155
"C3H4N2",3296,3137
"C3H4N2",3284,3126
"C3H4N2",1624,1531
"C3H4N2",1548,1447
"C3H4N2",1484,1395
"C3H4N2",1433,1358
"C3H4N2",1324,1254
"C3H4N2",1226,1159
"C3H4N2",1181,1121
"C3H4N2",1092,1054
"C3H4N2",1087,1009
"C3H4N2",956,924
"C3H4N2",936,908
"C3H4N2",864,879
"C3H4N2",818,833
"C3H4N2",753,745
"C3H4N2",700,674
"C3H4N2",631,623
"C3H4N2",510,516
"C3H3NO",3330,3140
"C3H3NO",3308,3128
"C3H3NO",3288,3086
"C3H3NO",1666,1653
"C3H3NO",1444,1432
"C3H3NO",1289,1373
"C3H3NO",1207,1217
"C3H3NO",1152,1128
"C3H3NO",1074,1089
"C3H3NO",980,1021
"C3H3NO",939,856
"C3H3NO",853,889
"C3H3NO",782,764
"C3H3NO",646,632
"C3H3NO",603,595
"C3H4N2",3700,3517
"C3H4N2",3319,3143
"C3H4N2",3292,3123
"C3H4N2",3290,3110
"C3H4N2",1618,1448
"C3H4N2",1565,1404
"C3H4N2",1508,1328
"C3H4N2",1418,1265
"C3H4N2",1317,1188
"C3H4N2",1191,1098
"C3H4N2",1187,1062
"C3H4N2",1136,1013
"C3H4N2",1110,988
"C3H4N2",957,923
"C3H4N2",920,898
"C3H4N2",839,831
"C3H4N2",816,758
"C3H4N2",719,674
"C3H4N2",685,663
"C3H4N2",641,621
"C3H4N2",493,539
"C3H3NO",3343,3170
"C3H3NO",3322,3144
"C3H3NO",3308,3141
"C3H3NO",1647,1537
"C3H3NO",1597,1504
"C3H3NO",1407,1324
"C3H3NO",1309,1252
"C3H3NO",1233,1139
"C3H3NO",1153,1086
"C3H3NO",1143,1078
"C3H3NO",1109,1046
"C3H3NO",941,899
"C3H3NO",927,854
"C3H3NO",859,907
"C3H3NO",840,830
"C3H3NO",763,750
"C3H3NO",665,647
"C3H3NO",620,607
"CH2N4",3699,3447
"CH2N4",3336,3102
"CH2N4",1567,1441
"CH2N4",1529,1384
"CH2N4",1348,1259
"CH2N4",1319,1159
"CH2N4",1186,1084
"CH2N4",1129,1015
"CH2N4",1103,1002
"CH2N4",1033,969
"CH2N4",998,925
"CH2N4",863,906
"CH2N4",746,663
"CH2N4",700,658
"CH2N4",579,578
"C4H4N2",3233,3055
"C4H4N2",1687,1580
"C4H4N2",1288,1233
"C4H4N2",1064,1016
"C4H4N2",615,602
"C4H4N2",980,960
"C4H4N2",365,350
"C4H4N2",951,927
"C4H4N2",3212,3012
"C4H4N2",1558,1483
"C4H4N2",1190,1130
"C4H4N2",1057,1018
"C4H4N2",961,983
"C4H4N2",756,756
"C4H4N2",3227,3069
"C4H4N2",1479,1411
"C4H4N2",1178,1149
"C4H4N2",1125,1063
"C4H4N2",3211,3040
"C4H4N2",1634,1525
"C4H4N2",1403,1346
"C4H4N2",727,704
"C4H4N2",810,785
"C4H4N2",434,418
"N2H4",3582,3398
"N2H4",3473,3329
"N2H4",1752,1642
"N2H4",1386,1275
"N2H4",1167,1076
"N2H4",912,780
"N2H4",417,377
"N2H4",3587,3350
"N2H4",3461,3314
"N2H4",1739,1628
"N2H4",1349,1275
"N2H4",1091,966
"CF2O",2056,1928
"CF2O",1003,965
"CF2O",581,584
"CF2O",783,774
"CF2O",1343,1249
"CF2O",629,626
"CH3CF3",3121,2974
"CH3CF3",1497,1412
"CH3CF3",1353,1278
"CH3CF3",858,828
"CH3CF3",611,606
"CH3CF3",246,225
"CH3CF3",3217,3042
"CH3CF3",1536,1450
"CH3CF3",1335,1230
"CH3CF3",1025,964
"CH3CF3",545,540
"CH3CF3",369,365
"C2N2",2476,2330
"C2N2",878,846
"C2N2",2275,2158
"C2N2",521,503
"C2N2",240,234
"CH2CCH2",3184,3015
"CH2CCH2",1532,1443
"CH2CCH2",1121,1073
"CH2CCH2",891,865
"CH2CCH2",3182,3007
"CH2CCH2",2088,1957
"CH2CCH2",1477,1398
"CH2CCH2",3261,3086
"CH2CCH2",1054,999
"CH2CCH2",888,841
"CH2CCH2",363,355
"CH2CO",3245,3070
"CH2CO",2272,2152
"CH2CO",1466,1388
"CH2CO",1195,1118
"CH2CO",623,588
"CH2CO",533,528
"CH2CO",3344,3166
"CH2CO",1032,977
"CH2CO",446,433
"OCS",2169,2062
"OCS",895,859
"OCS",511,520
"C5H12",3070,2909
"C5H12",1491,1381
"C5H12",757,733
"C5H12",217,198
"C5H12",3140,2955
"C5H12",1544,1451
"C5H12",1120,999
"C5H12",342,335
"C5H12",3139,2975
"C5H12",1536,1461
"C5H12",987,932
"C5H12",290,203
"C5H12",3146,2959
"C5H12",3061,2876
"C5H12",1569,1475
"C5H12",1456,1372
"C5H12",1336,1256
"C5H12",970,925
"C5H12",429,418
"CH3CCCH3",3076,2916
"CH3CCCH3",2402,2240
"CH3CCCH3",1471,1380
"CH3CCCH3",736,725
"CH3CCCH3",3077,2938
"CH3CCCH3",1467,1382
"CH3CCCH3",1195,1152
"CH3CCCH3",3152,2973
"CH3CCCH3",1537,1456
"CH3CCCH3",1090,1054
"CH3CCCH3",198,213
"CH3CCCH3",3152,2966
"CH3CCCH3",1536,1448
"CH3CCCH3",1056,1029
"CH3CCCH3",241,371
"C3O2",2334,2196
"C3O2",803,786
"C3O2",2439,2258
"C3O2",1694,1573
"C3O2",601,573
"C3O2",588,550
"C3O2",78,61
"ClCN",2345,2216
"ClCN",756,744
"ClCN",363,378
"C5H6",3266,3091
"C5H6",3241,3075
"C5H6",3066,2886
"C5H6",1626,1500
"C5H6",1491,1378
"C5H6",1445,1365
"C5H6",1163,1106
"C5H6",1039,994
"C5H6",956,915
"C5H6",822,802
"C5H6",1164,1100
"C5H6",907,941
"C5H6",718,700
"C5H6",509,516
"C5H6",3102,2900
"C5H6",966,925
"C5H6",933,891
"C5H6",685,664
"C5H6",347,350
"C5H6",3259,3105
"C5H6",3232,3043
"C5H6",1695,1580
"C5H6",1361,1292
"C5H6",1322,1239
"C5H6",1147,1090
"C5H6",1006,959
"C5H6",826,805
"CH3COF",3224,3043
"CH3COF",3105,2955
"CH3COF",1987,1870
"CH3COF",1526,1440
"CH3COF",1464,1378
"CH3COF",1286,1188
"CH3COF",1054,1000
"CH3COF",882,826
"CH3COF",611,598
"CH3COF",418,420
"CH3COF",3181,3004
"CH3COF",1526,1437
"CH3COF",1108,1054
"CH3COF",578,567
"CH3COF",145,123
"CH2CHCHClCH3",3273,3088
"CH2CHCHClCH3",3198,3017
"CH2CHCHClCH3",3185,3011
"CH2CHCHClCH3",3180,2990
"CH2CHCHClCH3",3167,2974
"CH2CHCHClCH3",3136,2967
"CH2CHCHClCH3",3085,2927
"CH2CHCHClCH3",1756,1645
"CH2CHCHClCH3",1546,1452
"CH2CHCHClCH3",1539,1447
"CH2CHCHClCH3",1500,1424
"CH2CHCHClCH3",1467,1375
"CH2CHCHClCH3",1374,1297
"CH2CHCHClCH3",1350,1283
"CH2CHCHClCH3",1323,1233
"CH2CHCHClCH3",1236,1174
"CH2CHCHClCH3",1151,1090
"CH2CHCHClCH3",1084,1025
"CH2CHCHClCH3",1025,988
"CH2CHCHClCH3",1009,966
"CH2CHCHClCH3",953,931
"CH2CHCHClCH3",908,864
"CH2CHCHClCH3",751,708
"CH2CHCHClCH3",664,625
"CH2CHCHClCH3",473,456
"CH2CHCHClCH3",332,319
"CH2CHCHClCH3",313,305
"CH2CHCHClCH3",292,283
"CH2CHCHClCH3",264,245
"CH2CHCHClCH3",96,92
"CH3CHCHCH3",3193,3033
"CH3CHCHCH3",3179,2965
"CH3CHCHCH3",3074,2878
"CH3CHCHCH3",1789,1669
"CH3CHCHCH3",1553,1448
"CH3CHCHCH3",1478,1397
"CH3CHCHCH3",1330,1261
"CH3CHCHCH3",1059,986
"CH3CHCHCH3",895,880
"CH3CHCHCH3",304,290
"CH3CHCHCH3",3130,2988
"CH3CHCHCH3",1536,1464
"CH3CHCHCH3",1090,1037
"CH3CHCHCH3",1002,880
"CH3CHCHCH3",387,396
"CH3CHCHCH3",3130,2965
"CH3CHCHCH3",1541,1448
"CH3CHCHCH3",1102,986
"CH3CHCHCH3",709,673
"CH3CHCHCH3",3174,3033
"CH3CHCHCH3",3159,2965
"CH3CHCHCH3",3070,2900
"CH3CHCHCH3",1544,1448
"CH3CHCHCH3",1489,1420
"CH3CHCHCH3",1439,1397
"CH3CHCHCH3",1188,1135
"CH3CHCHCH3",1015,986
"CH3CHCHCH3",575,583
"CH2CCHCH3",3181,3061
"CH2CCHCH3",3177,3010
"CH2CCHCH3",3167,2965
"CH2CCHCH3",3074,2905
"CH2CCHCH3",2099,1970
"CH2CCHCH3",1555,1453
"CH2CCHCH3",1525,1437
"CH2CCHCH3",1466,1389
"CH2CCHCH3",1410,1330
"CH2CCHCH3",1181,1132
"CH2CCHCH3",1128,1074
"CH2CCHCH3",906,876
"CH2CCHCH3",891,859
"CH2CCHCH3",571,555
"CH2CCHCH3",210,210
"CH2CCHCH3",3253,3061
"CH2CCHCH3",3140,2965
"CH2CCHCH3",1537,1453
"CH2CCHCH3",1097,1110
"CH2CCHCH3",1055,1011
"CH2CCHCH3",909,842
"CH2CCHCH3",543,523
"CH2CCHCH3",334,322
"C5H8",3265,3080
"C5H8",3187,3012
"C5H8",3174,3012
"C5H8",3057,2900
"C5H8",1759,1644
"C5H8",1535,1433
"C5H8",1490,1413
"C5H8",1350,1295
"C5H8",1296,1263
"C5H8",1115,1120
"C5H8",1030,995
"C5H8",942,918
"C5H8",937,876
"C5H8",685,562
"C5H8",379,421
"C5H8",303,137
"C5H8",87,102
"C5H8",3265,3080
"C5H8",3186,3012
"C5H8",3174,3012
"C5H8",3102,2982
"C5H8",1751,1640
"C5H8",1497,1413
"C5H8",1364,1314
"C5H8",1339,1280
"C5H8",1206,1060
"C5H8",1031,995
"C5H8",998,995
"C5H8",941,920
"C5H8",921,760
"C5H8",614,721
"C5H8",459,421
"C5H8",96,331
"CH3F",3084,2930
"CH3F",1546,1464
"CH3F",1120,1049
"CH3F",3173,3006
"CH3F",1551,1467
"CH3F",1221,1182
"CH3PH2",3187,3000
"CH3PH2",3093,2938
"CH3PH2",2430,2297
"CH3PH2",1529,1450
"CH3PH2",1407,1238
"CH3PH2",1135,1086
"CH3PH2",1038,977
"CH3PH2",765,740
"CH3PH2",709,677
"CH3PH2",3178,2992
"CH3PH2",2440,2312
"CH3PH2",1533,1450
"CH3PH2",1070,1017
"CH3PH2",238,207
"CH3CHCHCH3",3166,3011
"CH3CHCHCH3",3152,2954
"CH3CHCHCH3",3066,2874
"CH3CHCHCH3",1797,1680
"CH3CHCHCH3",1547,1457
"CH3CHCHCH3",1472,1385
"CH3CHCHCH3",1366,1309
"CH3CHCHCH3",1202,1146
"CH3CHCHCH3",904,866
"CH3CHCHCH3",510,501
"CH3CHCHCH3",3130,2960
"CH3CHCHCH3",1534,1449
"CH3CHCHCH3",1104,1057
"CH3CHCHCH3",1007,964
"CH3CHCHCH3",247,224
"CH3CHCHCH3",3130,2954
"CH3CHCHCH3",1534,1457
"CH3CHCHCH3",1096,1039
"CH3CHCHCH3",754,750
"CH3CHCHCH3",3171,3021
"CH3CHCHCH3",3150,2960
"CH3CHCHCH3",3066,2899
"CH3CHCHCH3",1552,1449
"CH3CHCHCH3",1472,1393
"CH3CHCHCH3",1371,1311
"CH3CHCHCH3",1116,1072
"CH3CHCHCH3",1018,987
"CH3CHCHCH3",287,261
"CH3SSCH3",3199,2990
"CH3SSCH3",3184,2983
"CH3SSCH3",3095,2913
"CH3SSCH3",1530,1426
"CH3SSCH3",1517,1419
"CH3SSCH3",1432,1311
"CH3SSCH3",1029,955
"CH3SSCH3",1023,949
"CH3SSCH3",747,694
"CH3SSCH3",523,509
"CH3SSCH3",241,240
"CH3SSCH3",158,134
"CH3SSCH3",97,117
"CH3SSCH3",3199,2990
"CH3SSCH3",3184,2983
"CH3SSCH3",3093,2915
"CH3SSCH3",1534,1430
"CH3SSCH3",1510,1415
"CH3SSCH3",1425,1303
"CH3SSCH3",1029,955
"CH3SSCH3",1020,949
"CH3SSCH3",742,691
"CH3SSCH3",271,274
"CH3SSCH3",169,134
"CO",2251,2170
"C3H7N",3497,3348
"C3H7N",3278,3100
"C3H7N",3188,3032
"C3H7N",3123,2975
"C3H7N",1726,1617
"C3H7N",1570,1456
"C3H7N",1468,1374
"C3H7N",1285,1214
"C3H7N",1217,1168
"C3H7N",1114,1150
"C3H7N",1054,1020
"C3H7N",915,989
"C3H7N",851,805
"C3H7N",801,762
"C3H7N",420,408
"C3H7N",3585,3412
"C3H7N",3267,3100
"C3H7N",3181,3023
"C3H7N",1506,1424
"C3H7N",1319,1104
"C3H7N",1236,1045
"C3H7N",1175,1026
"C3H7N",1117,940
"C3H7N",947,884
"C3H7N",875,830
"C3H7N",409,396
"C3H7N",291,254
"C4H6",3250,3060
"C4H6",3091,2935
"C4H6",1678,1570
"C4H6",1553,1450
"C4H6",1271,1276
"C4H6",1169,1186
"C4H6",1035,1113
"C4H6",931,886
"C4H6",3130,2955
"C4H6",1207,1276
"C4H6",1070,1081
"C4H6",913,850
"C4H6",309,325
"C4H6",3143,2955
"C4H6",1130,1074
"C4H6",896,846
"C4H6",662,635
"C4H6",3219,3047
"C4H6",3085,2916
"C4H6",1530,1427
"C4H6",1364,1294
"C4H6",1274,1214
"C4H6",934,888
"C4H6",872,740
"H2CS",3138,2971
"H2CS",1563,1456
"H2CS",1134,1059
"H2CS",1033,990
"H2CS",3226,3025
"H2CS",1051,991
"CH3SiH3",3081,2898
"CH3SiH3",2260,2166
"CH3SiH3",1373,1260
"CH3SiH3",961,940
"CH3SiH3",710,700
"CH3SiH3",197,187
"CH3SiH3",3167,2982
"CH3SiH3",2267,2169
"CH3SiH3",1518,1403
"CH3SiH3",974,980
"CH3SiH3",928,868
"CH3SiH3",532,540
"C4N2",2465,2290
"C4N2",2245,2119
"C4N2",609,692
"C4N2",2382,2241
"C4N2",1169,1154
"C4N2",503,504
"C4N2",275,263
"C4N2",493,472
"C4N2",117,107
"BeO",1578,1457
"MgO",841,785
"NaOH",3906,3637
"NaOH",613,540
"NaOH",170,300
"H2",4381,4401
"Si2H6",2255,2152
"Si2H6",945,909
"Si2H6",453,434
"Si2H6",134,131
"Si2H6",2246,2154
"Si2H6",871,844
"Si2H6",2262,2155
"Si2H6",949,929
"Si2H6",652,625
"Si2H6",2270,2179
"Si2H6",965,940
"Si2H6",381,379
"C5H8",3271,3090
"C5H8",3189,3015
"C5H8",3177,3015
"C5H8",3171,3015
"C5H8",3167,3015
"C5H8",3153,2940
"C5H8",3066,2919
"C5H8",1789,1661
"C5H8",1718,1610
"C5H8",1548,1433
"C5H8",1493,1422
"C5H8",1470,1385
"C5H8",1371,1316
"C5H8",1354,1299
"C5H8",1334,1280
"C5H8",1239,1166
"C5H8",1131,1037
"C5H8",1015,985
"C5H8",934,862
"C5H8",489,483
"C5H8",460,418
"C5H8",200,212
"C5H8",3129,2971
"C5H8",1532,1453
"C5H8",1097,1017
"C5H8",1037,1002
"C5H8",985,912
"C5H8",923,899
"C5H8",832,820
"C5H8",639,615
"C5H8",125,129
"CH2NH",3438,3263
"CH2NH",3204,3024
"CH2NH",3100,2914
"CH2NH",1743,1638
"CH2NH",1528,1452
"CH2NH",1417,1344
"CH2NH",1099,1058
"CH2NH",1187,1127
"CH2NH",1096,1061
"CF2",1296,1225
"CF2",672,667
"CF2",1200,1114
"CF3",1136,1089
"CF3",709,701
"CF3",1347,1260
"CF3",509,509
"C4H9N",3482,3345
"C4H9N",3179,2975
"C4H9N",3148,2950
"C4H9N",3116,2918
"C4H9N",3098,2905
"C4H9N",3026,2887
"C4H9N",1723,1614
"C4H9N",1562,1467
"C4H9N",1533,1443
"C4H9N",1439,1390
"C4H9N",1339,1291
"C4H9N",1275,1237
"C4H9N",1203,1137
"C4H9N",1127,1120
"C4H9N",1004,1050
"C4H9N",935,965
"C4H9N",915,788
"C4H9N",864,752
"C4H9N",692,606
"C4H9N",416,448
"C4H9N",187,174
"C4H9N",3571,3411
"C4H9N",3151,2970
"C4H9N",3093,2957
"C4H9N",1527,1452
"C4H9N",1396,1213
"C4H9N",1315,1185
"C4H9N",1296,1168
"C4H9N",1259,1036
"C4H9N",1062,925
"C4H9N",975,912
"C4H9N",953,883
"C4H9N",800,788
"C4H9N",397,354
"C4H9N",298,240
"SF6",774,774
"SF6",686,642
"SF6",1023,948
"SF6",588,616
"SF6",500,525
"SF6",336,347
"HCO",2721,2434
"HCO",2038,1868
"HCO",1145,1081
"ClNO",1892,1800
"ClNO",636,596
"ClNO",346,332
"C3H4",3353,3158
"C3H4",3106,2909
"C3H4",1762,1653
"C3H4",1576,1483
"C3H4",1213,1110
"C3H4",959,905
"C3H4",1043,996
"C3H4",835,820
"C3H4",3173,2995
"C3H4",1143,1088
"C3H4",584,569
"C3H4",3307,3124
"C3H4",1118,1043
"C3H4",1077,1011
"C3H4",827,769
"C3H3",3532,3322
"C3H3",629,687
"C3H3",549,490
"CS",1364,1285
"HO2",3631,3436
"HO2",1500,1392
"HO2",1192,1098
"CH",2837,2861
"CH",3202,3145
"OH",3681,3738
"NF2",1148,1075
"NF2",584,573
"NF2",1053,942
"CF",1343,1308
"CCl",881,877
"SiH2Cl2",2326,2224
"SiH2Cl2",977,954
"SiH2Cl2",543,527
"SiH2Cl2",192,188
"SiH2Cl2",735,710
"SiH2Cl2",2344,2237
"SiH2Cl2",615,602
"SiH2Cl2",911,876
"SiH2Cl2",611,590
"C4H5N",3287,3120
"C4H5N",3224,3052
"C4H5N",3197,3044
"C4H5N",2381,2264
"C4H5N",1566,1468
"C4H5N",1434,1344
"C4H5N",1260,1195
"C4H5N",1173,1125
"C4H5N",1125,1049
"C4H5N",998,941
"C4H5N",836,808
"C4H5N",780,736
"C4H5N",532,527
"C4H5N",213,222
"C4H5N",3276,3094
"C4H5N",3191,3040
"C4H5N",1519,1442
"C4H5N",1237,1180
"C4H5N",1158,1070
"C4H5N",1132,1088
"C4H5N",964,880
"C4H5N",864,821
"C4H5N",546,543
"C4H5N",216,222
"C4H6",3177,3010
"C4H6",3163,3002
"C4H6",1891,1743
"C4H6",1539,1437
"C4H6",1488,1410
"C4H6",1106,1036
"C4H6",1086,1002
"C4H6",769,723
"C4H6",3235,3051
"C4H6",1206,1144
"C4H6",983,937
"C4H6",636,616
"C4H6",3246,3071
"C4H6",1132,1072
"C4H6",916,889
"C4H6",785,748
"C4H6",287,360
"C4H6",3259,3086
"C4H6",3159,2999
"C4H6",1503,1353
"C4H6",1184,1174
"C4H6",1117,1125
"C4H6",937,792
"C4H6",361,290
"HCP",3398,3217
"HCP",1341,1278
"HCP",710,674
"SO2",1206,1151
"SO2",526,518
"SO2",1419,1362
"SO3",1095,1065
"SO3",488,498
"SO3",1436,1391
"SO3",525,530
"AlCl3",396,375
"AlCl3",209,183
"AlCl3",644,595
"AlCl3",154,150
"LiCl",637,643
"LiH",1348,1405
"ClFO3",1083,1061
"ClFO3",777,715
"ClFO3",538,549
"ClFO3",1324,1315
"ClFO3",572,589
"ClFO3",379,405
"SiO2",1496,1416
"SiO2",283,273
"BF3",902,888
"BF3",708,691
"BF3",1516,1449
"BF3",486,480
"NaH",1138,1172
"HCl",2996,2991
"NaCl",371,365
"PF5",819,816
"PF5",693,648
"PF5",1034,947
"PF5",562,575
"PF5",1061,1024
"PF5",523,533
"PF5",184,174
"PF5",495,520
"HF",4044,4138
"NH3",3469,3337
"NH3",1183,950
"NH3",3609,3444
"NH3",1754,1627
"H2SO4",3747,3563
"H2SO4",1246,1216
"H2SO4",1226,1136
"H2SO4",843,831
"H2SO4",549,548
"H2SO4",438,422
"H2SO4",367,379
"H2SO4",245,224
"H2SO4",3742,3567
"H2SO4",1509,1452
"H2SO4",1239,1157
"H2SO4",906,882
"H2SO4",547,558
"H2SO4",492,506
"H2SO4",324,288
"NaF",587,536
"MgH2",1594,1572
"MgH2",448,440
"HNO3",3714,3550
"HNO3",1893,1708
"HNO3",1444,1331
"HNO3",1406,1325
"HNO3",983,879
"HNO3",695,647
"HNO3",606,579
"HNO3",790,762
"HNO3",502,456
"PCl3",526,504
"PCl3",270,252
"PCl3",527,482
"PCl3",191,198
"H2O2",3752,3599
"H2O2",1492,1402
"H2O2",965,877
"H2O2",357,371
"H2O2",3754,3608
"H2O2",1357,1266
"H2O",3775,3657
"H2O",1747,1595
"H2O",3901,3756
"F2",1005,917
"Cl2",531,560
"H2S",2732,2615
"H2S",1265,1183
"H2S",2756,2626
"F2O",995,928
"F2O",477,461
"F2O",961,831
"NF3",1090,1032
"NF3",669,647
"NF3",1027,907
"NF3",505,492
"PF3",927,892
"PF3",478,487
"PF3",910,860
"PF3",334,344
"SiF4",810,800
"SiF4",264,268
"SiF4",1067,1032
"SiF4",390,389
"AlH3",1933,1900
"AlH3",709,698
"AlH3",1950,1883
"AlH3",793,783
"BeH2",2274,2159
"BeH2",722,698
"HSO3F",3737,3602
"HSO3F",1521,1486
"HSO3F",1269,1243
"HSO3F",1234,1150
"HSO3F",916,896
"HSO3F",854,823
"HSO3F",547,562
"HSO3F",534,551
"HSO3F",508,518
"HSO3F",413,409
"HSO3F",364,390
"HSO3F",280,266
"LiF",1011,911
"FNO",1892,1844
"FNO",871,766
"FNO",607,520
"ClF",802,783
"ClF3",800,752
"ClF3",588,529
"ClF3",354,328
"ClF3",329,328
"ClF3",806,702
"ClF3",451,442
"HOCl",3745,3609
"HOCl",1335,1239
"HOCl",752,724
"Cl2O",667,639
"Cl2O",307,296
"Cl2O",745,686
"SO2Cl2",1224,1205
"SO2Cl2",575,577
"SO2Cl2",408,408
"SO2Cl2",211,218
"SO2Cl2",274,282
"SO2Cl2",614,586
"SO2Cl2",386,388
"SO2Cl2",1474,1434
"SO2Cl2",365,362
"PH3",2440,2323
"PH3",1062,992
"PH3",2455,2328
"PH3",1152,1118
"SiH4",2270,2187
"SiH4",981,975
"SiH4",2287,2191
"SiH4",932,914
"N2O",2384,2282
"N2O",1360,1298
"N2O",606,596
"SiHCl3",2364,2261
"SiHCl3",509,499
"SiHCl3",261,254
"SiHCl3",837,811
"SiHCl3",625,600
"SiHCl3",179,176
"Cl3PO",1349,1322
"Cl3PO",498,481
"Cl3PO",280,266
"Cl3PO",624,590
"Cl3PO",343,333
"Cl3PO",192,187
"SiCl4",432,424
"SiCl4",151,150
"SiCl4",645,621
"SiCl4",229,221
"PCl5",403,395
"PCl5",298,370
"PCl5",478,465
"PCl5",313,299
"PCl5",601,592
"PCl5",280,273
"PCl5",98,100
"PCl5",270,261
"OClO",985,946
"OClO",447,448
"OClO",1153,1110
"SiO",1292,1242
"BCl3",495,471
"BCl3",478,460
"BCl3",1007,956
"BCl3",271,243
"BHCl2",2760,2617
"BHCl2",767,740
"BHCl2",819,784
"BHCl2",1159,1089
"BHCl2",946,892
"SiF",893,857
"MgS",520,529
"SiN",1359,1151
"C2",1932,1855
"LiO",856,815
"P2",803,781
"P4",642,601
"P4",378,361
"P4",486,467
"BS",1240,1180
"AlS",635,617
"CP",1186,1240
"NaO",575,492
"SiS",787,750
"BO",1998,1885
"Si2",521,511
"BH3",1169,1148
"BH3",2747,2602
"BH3",1231,1197
"ClNO2",1397,1267
"ClNO2",826,793
"ClNO2",414,364
"ClNO2",690,652
"ClNO2",1871,1684
"ClNO2",437,408
"HCF",2804,2643
"HCF",1467,1403
"HCF",1259,1189
"H2S2",2700,2556
"H2S2",940,882
"H2S2",527,515
"H2S2",441,417
"H2S2",2701,2559
"H2S2",940,878
"SiH3Cl",2295,2201
"SiH3Cl",979,949
"SiH3Cl",565,551
"SiH3Cl",2313,2195
"SiH3Cl",968,954
"SiH3Cl",678,664
"F3PO",1458,1417
"F3PO",884,873
"F3PO",472,472
"F3PO",1020,991
"F3PO",467,482
"F3PO",324,336
"AlFCl2",929,850
"AlFCl2",451,450
"AlFCl2",159,150
"AlFCl2",241,220
"AlFCl2",655,610
"AlFCl2",213,200
"SiH3F",2302,2206
"SiH3F",1046,990
"SiH3F",903,872
"SiH3F",2312,2196
"SiH3F",977,956
"SiH3F",755,728
"SiCl2",542,522
"SiCl2",209,201
"SiCl2",539,509
"AlCl",499,482
"AlF",846,802
"BeF",1293,1247
"BeH",2079,2061
"BeS",1044,998
"B2Cl4",1181,1122
"B2Cl4",421,401
"B2Cl4",181,176
"B2Cl4",766,728
"B2Cl4",308,289
"B2Cl4",975,917
"B2Cl4",519,512
"B2Cl4",104,104
"BHF2",2777,2621
"BHF2",1191,1164
"BHF2",547,542
"BHF2",966,924
"BHF2",1485,1402
"PH2",2405,2310
"PH2",1156,1102
"SiH3",2244,2136
"SiH3",777,728
"SiH3",2284,2185
"SiH3",947,922
"BH",2367,2367
"NH2",3358,3219
"NH2",1628,1497
"NH2",3467,3301
"NH",3265,3283
"NH",3309,3314
"SiH",2050,2043
"N2F2",1656,1523
"N2F2",1113,1018
"N2F2",628,603
"N2F2",374,364
"N2F2",1077,991
"N2F2",436,423
"BeCl",882,847
"AlF2Cl",866,820
"AlF2Cl",525,500
"AlF2Cl",250,250
"AlF2Cl",274,260
"AlF2Cl",994,900
"AlF2Cl",194,200
"HPO",2216,2095
"HPO",1217,1188
"HPO",1034,986
"SiH2",2088,1996
"SiH2",1034,999
"SiH2",2094,1993
"SO",1175,1151
"SO",1110,1069
"HS",2697,2696
"SiCl",544,536
"NF",1180,1141
"PH",2357,2364
"PH",2385,2415
"AlH",1693,1682
"HOF",3723,3537
"HOF",1433,1393
"HOF",1004,886
"HNO",2964,2684
"HNO",1687,1565
"HNO",1600,1501
"MgH",1451,1493
"Li2",346,351
"AlH2",1852,1770
"AlH2",770,760
"AlH2",1892,1807
"HBS",2869,2736
"HBS",1239,1172
"MgF",762,712
"MgCl",472,462
"ClO",833,854
"SCl",562,577
"PF",872,847
"SF",859,838
"PCl",546,551
"PN",1379,1337
"BCl",864,840
"HBO",2944,2850
"HBO",1907,1826
"HBO",770,756
"BeOH",1287,1246
"SSO",1224,1166
"SSO",725,679
"SSO",392,380
"S2",736,726
"Na2",157,159
"ClS2",627,662
"ClS2",455,450
"ClS2",220,196
